150222B1.CXS,0,4411,0
150222B2.CXS,0,4411,0
150222F1.CXS,0,4411,0
150222F2.CXS,0,4411,0
150223B1.CXS,0,819,0
150223B2.CXS,0,819,0
150223F1.CXS,0,819,0
150223F2.CXS,0,819,0
150224B1.CXS,0,4460,0
150224B2.CXS,0,4460,0
150224F1.CXS,0,4460,0
150224F2.CXS,0,4460,0
150225B1.CXS,27,4448,0.006070144
150225B2.CXS,14,4448,0.003147482
150225F1.CXS,0,4448,0
150225F2.CXS,0,4448,0
150226B1.CXS,326,4422,0.073722298
150226B2.CXS,199,4422,0.045002261
150226F1.CXS,18,4422,0.004070556
150226F2.CXS,40,4422,0.009045681
150227B1.CXS,316,4464,0.07078853
150227B2.CXS,195,4464,0.043682796
150227F1.CXS,16,4464,0.003584229
150227F2.CXS,64,4464,0.014336918
150228B1.CXS,304,4449,0.068329962
150228B2.CXS,191,4449,0.042930996
150228F1.CXS,15,4449,0.003371544
150228F2.CXS,50,4449,0.011238481
150301B1.CXS,328,4441,0.073857239
150301B2.CXS,176,4441,0.039630714
150301F1.CXS,7,4441,0.001576222
150301F2.CXS,53,4441,0.011934249
150302B1.CXS,337,4470,0.075391499
150302B2.CXS,194,4470,0.043400447
150302F1.CXS,6,4470,0.001342282
150302F2.CXS,51,4470,0.011409396
150303B1.CXS,343,4448,0.077113309
150303B2.CXS,196,4448,0.044064748
150303F1.CXS,4,4448,0.000899281
150303F2.CXS,47,4448,0.010566547
150304B1.CXS,368,4441,0.08286422
150304B2.CXS,187,4441,0.042107633
150304F1.CXS,20,4441,0.00450349
150304F2.CXS,65,4441,0.014636343
150305B1.CXS,364,4462,0.081577768
150305B2.CXS,167,4462,0.037427163
150305F1.CXS,23,4462,0.005154639
150305F2.CXS,67,4462,0.015015688
150306B1.CXS,317,4461,0.0710603
150306B2.CXS,168,4461,0.037659718
150306F1.CXS,8,4461,0.00179332
150306F2.CXS,40,4461,0.008966599
150307B1.CXS,175,4413,0.039655563
150307B2.CXS,111,4413,0.025152957
150307F1.CXS,2,4413,0.000453206
150307F2.CXS,20,4413,0.004532064
150308B1.CXS,265,4460,0.05941704
150308B2.CXS,158,4460,0.035426009
150308F1.CXS,2,4460,0.00044843
150308F2.CXS,31,4460,0.006950673
150309B1.CXS,266,3904,0.068135246
150309B2.CXS,163,3904,0.041752049
150309F1.CXS,2,3904,0.000512295
150309F2.CXS,14,3904,0.003586066
150310B1.CXS,47,474,0.099156118
150310B2.CXS,23,474,0.048523207
150310F1.CXS,13,474,0.02742616
150310F2.CXS,9,474,0.018987342
150311B1.CXS,255,4441,0.0574195
150311B2.CXS,167,4441,0.037604143
150311F1.CXS,1,4441,0.000225175
150311F2.CXS,28,4441,0.006304886
150312B1.CXS,266,4473,0.059467919
150312B2.CXS,162,4473,0.036217304
150312F1.CXS,1,4473,0.000223564
150312F2.CXS,18,4473,0.004024145
150313B1.CXS,280,4467,0.062681889
150313B2.CXS,148,4467,0.033131856
150313F1.CXS,1,4467,0.000223864
150313F2.CXS,26,4467,0.005820461
150314B1.CXS,287,4457,0.06439309
150314B2.CXS,162,4457,0.036347319
150314F1.CXS,2,4457,0.000448732
150314F2.CXS,33,4457,0.007404083
150315B1.CXS,308,4437,0.069416272
150315B2.CXS,177,4437,0.039891819
150315F1.CXS,2,4437,0.000450755
150315F2.CXS,27,4437,0.006085193
150316B1.CXS,312,4454,0.070049394
150316B2.CXS,183,4454,0.041086664
150316F1.CXS,1,4454,0.000224517
150316F2.CXS,25,4454,0.005612932
150317B1.CXS,297,4338,0.06846473
150317B2.CXS,145,4338,0.033425542
150317F1.CXS,3,4338,0.000691563
150317F2.CXS,35,4338,0.008068234
150318B1.CXS,299,4393,0.068062827
150318B2.CXS,167,4393,0.038015024
150318F1.CXS,6,4393,0.001365809
150318F2.CXS,52,4393,0.011837013
150319B1.CXS,337,4428,0.076106594
150319B2.CXS,180,4428,0.040650407
150319F1.CXS,6,4428,0.001355014
150319F2.CXS,34,4428,0.00767841
150320B1.CXS,329,4418,0.074468085
150320B2.CXS,162,4418,0.036668176
150320F1.CXS,7,4418,0.001584427
150320F2.CXS,34,4418,0.00769579
150321B1.CXS,289,4455,0.064870932
150321B2.CXS,169,4455,0.037934905
150321F1.CXS,5,4455,0.001122334
150321F2.CXS,31,4455,0.006958474
150322B1.CXS,278,4459,0.062345817
150322B2.CXS,179,4459,0.04014353
150322F1.CXS,5,4459,0.001121328
150322F2.CXS,15,4459,0.003363983
150323B1.CXS,216,4446,0.048582996
150323B2.CXS,154,4446,0.034637877
150323F1.CXS,2,4446,0.000449843
150323F2.CXS,11,4446,0.002474134
150324B1.CXS,260,4450,0.058426966
150324B2.CXS,182,4450,0.040898876
150324F1.CXS,1,4450,0.000224719
150324F2.CXS,14,4450,0.003146067
150325B1.CXS,257,4430,0.058013544
150325B2.CXS,191,4430,0.043115124
150325F1.CXS,1,4430,0.000225734
150325F2.CXS,20,4430,0.004514673
150326B1.CXS,261,4343,0.060096707
150326B2.CXS,151,4343,0.034768593
150326F1.CXS,3,4343,0.000690767
150326F2.CXS,40,4343,0.009210223
150327B1.CXS,310,4461,0.069491145
150327B2.CXS,193,4461,0.043263842
150327F1.CXS,4,4461,0.00089666
150327F2.CXS,39,4461,0.008742434
150328B1.CXS,308,4453,0.069166854
150328B2.CXS,154,4453,0.034583427
150328F1.CXS,4,4453,0.000898271
150328F2.CXS,23,4453,0.005165057
150329B1.CXS,281,4405,0.063791146
150329B2.CXS,171,4405,0.038819523
150329F1.CXS,3,4405,0.000681044
150329F2.CXS,18,4405,0.004086266
150330B1.CXS,274,4393,0.062371955
150330B2.CXS,156,4393,0.03551104
150330F1.CXS,3,4393,0.000682905
150330F2.CXS,29,4393,0.006601411
150331B1.CXS,283,4441,0.063724386
150331B2.CXS,188,4441,0.042332808
150331F1.CXS,0,4441,0
150331F2.CXS,21,4441,0.004728665
150401B1.CXS,214,4406,0.048570132
150401B2.CXS,182,4406,0.041307308
150401F1.CXS,0,4406,0
150401F2.CXS,17,4406,0.003858375
150402B1.CXS,225,4418,0.050928022
150402B2.CXS,174,4418,0.039384337
150402F1.CXS,1,4418,0.000226347
150402F2.CXS,6,4418,0.001358081
150403B1.CXS,265,4396,0.060282075
150403B2.CXS,154,4396,0.035031847
150403F1.CXS,4,4396,0.000909918
150403F2.CXS,34,4396,0.007734304
150404B1.CXS,68,4425,0.015367232
150404B2.CXS,39,4425,0.008813559
150404F1.CXS,0,4425,0
150404F2.CXS,3,4425,0.000677966
150405B1.CXS,286,4449,0.064284109
150405B2.CXS,172,4449,0.038660373
150405F1.CXS,3,4449,0.000674309
150405F2.CXS,33,4449,0.007417397
150406B1.CXS,280,4383,0.063883185
150406B2.CXS,161,4383,0.036732831
150406F1.CXS,1,4383,0.000228154
150406F2.CXS,24,4383,0.005475702
150407B1.CXS,219,4441,0.049313218
150407B2.CXS,165,4441,0.037153794
150407F1.CXS,0,4441,0
150407F2.CXS,9,4441,0.002026571
150408B1.CXS,217,4428,0.049006323
150408B2.CXS,164,4428,0.037037037
150408F1.CXS,0,4428,0
150408F2.CXS,7,4428,0.001580849
150409B1.CXS,229,4233,0.054098748
150409B2.CXS,159,4233,0.037562013
150409F1.CXS,1,4233,0.000236239
150409F2.CXS,17,4233,0.004016064
150410B1.CXS,306,4374,0.069958848
150410B2.CXS,155,4374,0.035436671
150410F1.CXS,13,4374,0.002972108
150410F2.CXS,39,4374,0.008916324
150411B1.CXS,282,4379,0.064398264
150411B2.CXS,166,4379,0.037908198
150411F1.CXS,10,4379,0.002283626
150411F2.CXS,33,4379,0.007535967
150412B1.CXS,304,4417,0.068824994
150412B2.CXS,155,4417,0.035091691
150412F1.CXS,7,4417,0.001584786
150412F2.CXS,23,4417,0.005207154
150413B1.CXS,293,4467,0.06559212
150413B2.CXS,164,4467,0.036713678
150413F1.CXS,3,4467,0.000671592
150413F2.CXS,15,4467,0.003357958
150414B1.CXS,322,4454,0.072294567
150414B2.CXS,546,4454,0.122586439
150414F1.CXS,17,4454,0.003816794
150414F2.CXS,409,4454,0.091827571
150415B1.CXS,276,4424,0.06238698
150415B2.CXS,176,4424,0.039783002
150415F1.CXS,11,4424,0.002486438
150415F2.CXS,28,4424,0.006329114
150416B1.CXS,257,4413,0.058237027
150416B2.CXS,167,4413,0.037842737
150416F1.CXS,12,4413,0.002719239
150416F2.CXS,37,4413,0.008384319
150417B1.CXS,235,2910,0.080756014
150417B2.CXS,136,2910,0.046735395
150417F1.CXS,25,2910,0.008591065
150417F2.CXS,38,2910,0.013058419
150418B1.CXS,348,4454,0.078132016
150418B2.CXS,526,4454,0.118096093
150418F1.CXS,20,4454,0.004490346
150418F2.CXS,407,4454,0.091378536
150419B1.CXS,363,4416,0.082201087
150419B2.CXS,179,4416,0.04053442
150419F1.CXS,23,4416,0.005208333
150419F2.CXS,46,4416,0.010416667
150420B1.CXS,419,4279,0.097920075
150420B2.CXS,197,4279,0.046038794
150420F1.CXS,65,4279,0.015190465
150420F2.CXS,84,4279,0.019630755
150421B1.CXS,266,3453,0.077034463
150421B2.CXS,157,3453,0.045467709
150421F1.CXS,41,3453,0.011873733
150421F2.CXS,46,3453,0.013321749
150423B1.CXS,359,4122,0.087093644
150423B2.CXS,209,4122,0.050703542
150423F1.CXS,45,4122,0.010917031
150423F2.CXS,68,4122,0.016496846
150424B1.CXS,404,4355,0.092766935
150424B2.CXS,1000,4355,0.229621125
150424F1.CXS,40,4355,0.009184845
150424F2.CXS,872,4355,0.200229621
150425B1.CXS,448,4425,0.101242938
150425B2.CXS,203,4425,0.045875706
150425F1.CXS,41,4425,0.009265537
150425F2.CXS,74,4425,0.016723164
150426B1.CXS,351,4428,0.079268293
150426B2.CXS,175,4428,0.039521229
150426F1.CXS,50,4428,0.01129178
150426F2.CXS,55,4428,0.012420958
150427B1.CXS,391,4414,0.088581785
150427B2.CXS,221,4414,0.050067966
150427F1.CXS,42,4414,0.009515179
150427F2.CXS,65,4414,0.014725872
150428B1.CXS,391,4439,0.088082902
150428B2.CXS,203,4439,0.045731021
150428F1.CXS,37,4439,0.008335211
150428F2.CXS,53,4439,0.011939626
150429B1.CXS,305,3131,0.097412967
150429B2.CXS,145,3131,0.046311083
150429F1.CXS,31,3131,0.00990099
150429F2.CXS,41,3131,0.013094858
150430B1.CXS,337,3621,0.093068213
150430B2.CXS,174,3621,0.048053024
150430F1.CXS,21,3621,0.005799503
150430F2.CXS,38,3621,0.010494339
150501B1.CXS,344,4435,0.077564825
150501B2.CXS,185,4435,0.041713641
150501F1.CXS,6,4435,0.001352875
150501F2.CXS,42,4435,0.009470124
150502B1.CXS,364,4449,0.081816138
150502B2.CXS,202,4449,0.045403461
150502F1.CXS,7,4449,0.001573387
150502F2.CXS,34,4449,0.007642167
150503B1.CXS,356,4430,0.080361174
150503B2.CXS,190,4430,0.042889391
150503F1.CXS,8,4430,0.001805869
150503F2.CXS,34,4430,0.007674944
150504B1.CXS,385,4456,0.086400359
150504B2.CXS,214,4456,0.048025135
150504F1.CXS,7,4456,0.001570916
150504F2.CXS,45,4456,0.010098743
150505B1.CXS,351,4403,0.079718374
150505B2.CXS,206,4403,0.046786282
150505F1.CXS,8,4403,0.001816943
150505F2.CXS,29,4403,0.006586418
150506B1.CXS,349,4418,0.07899502
150506B2.CXS,215,4418,0.048664554
150506F1.CXS,5,4418,0.001131734
150506F2.CXS,30,4418,0.006790403
150507B1.CXS,364,4387,0.082972419
150507B2.CXS,195,4387,0.04444951
150507F1.CXS,7,4387,0.001595623
150507F2.CXS,43,4387,0.009801687
150508B1.CXS,367,4447,0.082527547
150508B2.CXS,178,4447,0.040026984
150508F1.CXS,11,4447,0.002473578
150508F2.CXS,24,4447,0.005396897
150509B1.CXS,401,4427,0.090580529
150509B2.CXS,210,4427,0.047436187
150509F1.CXS,1,4427,0.000225887
150509F2.CXS,31,4427,0.007002485
150510B1.CXS,376,4420,0.085067873
150510B2.CXS,214,4420,0.04841629
150510F1.CXS,2,4420,0.000452489
150510F2.CXS,41,4420,0.009276018
150511B1.CXS,373,4442,0.083971184
150511B2.CXS,195,4442,0.043899145
150511F1.CXS,5,4442,0.001125619
150511F2.CXS,33,4442,0.007429086
150512B1.CXS,348,4331,0.080350958
150512B2.CXS,174,4331,0.040175479
150512F1.CXS,3,4331,0.000692681
150512F2.CXS,49,4331,0.011313784
150513B1.CXS,423,4406,0.096005447
150513B2.CXS,229,4406,0.05197458
150513F1.CXS,1,4406,0.000226963
150513F2.CXS,36,4406,0.008170676
150514B1.CXS,348,4423,0.078679629
150514B2.CXS,180,4423,0.04069636
150514F1.CXS,11,4423,0.002487
150514F2.CXS,33,4423,0.007460999
150515B1.CXS,437,4377,0.099840073
150515B2.CXS,199,4377,0.04546493
150515F1.CXS,40,4377,0.009138679
150515F2.CXS,65,4377,0.014850354
150516B1.CXS,494,4457,0.110836886
150516B2.CXS,242,4457,0.054296612
150516F1.CXS,63,4457,0.014135068
150516F2.CXS,99,4457,0.02221225
150517B1.CXS,471,4450,0.105842697
150517B2.CXS,235,4450,0.052808989
150517F1.CXS,31,4450,0.006966292
150517F2.CXS,70,4450,0.015730337
150518B1.CXS,494,4436,0.111361587
150518B2.CXS,233,4436,0.052524797
150518F1.CXS,36,4436,0.008115419
150518F2.CXS,63,4436,0.014201984
150519B1.CXS,378,4364,0.086617782
150519B2.CXS,191,4364,0.043767186
150519F1.CXS,20,4364,0.004582951
150519F2.CXS,53,4364,0.012144821
150520B1.CXS,392,4424,0.088607595
150520B2.CXS,227,4424,0.051311031
150520F1.CXS,3,4424,0.000678119
150520F2.CXS,41,4424,0.009267631
150521B1.CXS,235,3527,0.066628863
150521B2.CXS,114,3527,0.032322087
150521F1.CXS,3,3527,0.000850581
150521F2.CXS,29,3527,0.008222285
150522B1.CXS,345,4412,0.07819583
150522B2.CXS,177,4412,0.04011786
150522F1.CXS,3,4412,0.000679964
150522F2.CXS,32,4412,0.007252947
150523B1.CXS,332,4459,0.074456156
150523B2.CXS,188,4459,0.04216192
150523F1.CXS,0,4459,0
150523F2.CXS,39,4459,0.008746356
150524B1.CXS,361,4428,0.081526649
150524B2.CXS,181,4428,0.040876242
150524F1.CXS,4,4428,0.000903342
150524F2.CXS,40,4428,0.009033424
150525B1.CXS,380,4425,0.085875706
150525B2.CXS,203,4425,0.045875706
150525F1.CXS,10,4425,0.002259887
150525F2.CXS,50,4425,0.011299435
150526B1.CXS,350,4392,0.079690346
150526B2.CXS,190,4392,0.043260474
150526F1.CXS,9,4392,0.00204918
150526F2.CXS,34,4392,0.007741348
150527B1.CXS,340,4425,0.076836158
150527B2.CXS,199,4425,0.044971751
150527F1.CXS,22,4425,0.004971751
150527F2.CXS,36,4425,0.008135593
150528B1.CXS,275,4433,0.062034739
150528B2.CXS,180,4433,0.040604557
150528F1.CXS,2,4433,0.000451162
150528F2.CXS,13,4433,0.002932551
150529B1.CXS,306,4459,0.068625252
150529B2.CXS,168,4459,0.037676609
150529F1.CXS,2,4459,0.000448531
150529F2.CXS,14,4459,0.003139717
150530B1.CXS,315,4463,0.070580327
150530B2.CXS,184,4463,0.041227874
150530F1.CXS,1,4463,0.000224065
150530F2.CXS,31,4463,0.006946
150531B1.CXS,246,4429,0.055543012
150531B2.CXS,162,4429,0.036577105
150531F1.CXS,0,4429,0
150531F2.CXS,30,4429,0.006773538
150601B1.CXS,302,4417,0.068372198
150601B2.CXS,185,4417,0.041883631
150601F1.CXS,0,4417,0
150601F2.CXS,24,4417,0.005433552
150602B1.CXS,259,4460,0.058071749
150602B2.CXS,179,4460,0.040134529
150602F1.CXS,4,4460,0.000896861
150602F2.CXS,21,4460,0.00470852
150603B1.CXS,249,4274,0.058259242
150603B2.CXS,162,4274,0.037903603
150603F1.CXS,1,4274,0.000233973
150603F2.CXS,10,4274,0.002339729
150604B1.CXS,205,3750,0.054666667
150604B2.CXS,147,3750,0.0392
150604F1.CXS,6,3750,0.0016
150604F2.CXS,20,3750,0.005333333
150605B1.CXS,217,4467,0.048578464
150605B2.CXS,144,4467,0.0322364
150605F1.CXS,0,4467,0
150605F2.CXS,12,4467,0.002686367
150606B1.CXS,158,4438,0.035601622
150606B2.CXS,131,4438,0.029517801
150606F1.CXS,0,4438,0
150606F2.CXS,5,4438,0.001126634
150607B1.CXS,160,4462,0.035858359
150607B2.CXS,121,4462,0.027117884
150607F1.CXS,0,4462,0
150607F2.CXS,5,4462,0.001120574
150608B1.CXS,156,4453,0.035032562
150608B2.CXS,128,4453,0.028744667
150608F1.CXS,0,4453,0
150608F2.CXS,6,4453,0.001347406
150609B1.CXS,327,4454,0.073417153
150609B2.CXS,180,4454,0.040413112
150609F1.CXS,10,4454,0.002245173
150609F2.CXS,57,4454,0.012797485
150610B1.CXS,399,4062,0.098227474
150610B2.CXS,180,4062,0.044313146
150610F1.CXS,31,4062,0.007631709
150610F2.CXS,60,4062,0.014771049
150611B1.CXS,433,4452,0.097259659
150611B2.CXS,223,4452,0.050089847
150611F1.CXS,16,4452,0.00359389
150611F2.CXS,55,4452,0.012353998
150612B1.CXS,365,4446,0.082096266
150612B2.CXS,209,4446,0.047008547
150612F1.CXS,17,4446,0.003823662
150612F2.CXS,62,4446,0.013945119
150613B1.CXS,378,4461,0.084734364
150613B2.CXS,203,4461,0.045505492
150613F1.CXS,17,4461,0.003810805
150613F2.CXS,65,4461,0.014570724
150614B1.CXS,372,4465,0.08331467
150614B2.CXS,182,4465,0.040761478
150614F1.CXS,11,4465,0.002463606
150614F2.CXS,52,4465,0.011646137
150615B1.CXS,353,4431,0.07966599
150615B2.CXS,189,4431,0.042654028
150615F1.CXS,9,4431,0.002031144
150615F2.CXS,53,4431,0.011961183
150616B1.CXS,353,4385,0.08050171
150616B2.CXS,181,4385,0.041277081
150616F1.CXS,8,4385,0.001824401
150616F2.CXS,51,4385,0.011630559
150617B1.CXS,451,4331,0.104132995
150617B2.CXS,206,4331,0.047564073
150617F1.CXS,26,4331,0.006003233
150617F2.CXS,65,4331,0.015008081
150618B1.CXS,380,4435,0.085682074
150618B2.CXS,205,4435,0.046223224
150618F1.CXS,21,4435,0.004735062
150618F2.CXS,57,4435,0.012852311
150619B1.CXS,432,4450,0.097078652
150619B2.CXS,202,4450,0.045393258
150619F1.CXS,20,4450,0.004494382
150619F2.CXS,81,4450,0.018202247
150620B1.CXS,363,4459,0.081408388
150620B2.CXS,200,4459,0.044853106
150620F1.CXS,15,4459,0.003363983
150620F2.CXS,47,4459,0.01054048
150621B1.CXS,287,4454,0.064436462
150621B2.CXS,151,4454,0.03390211
150621F1.CXS,5,4454,0.001122586
150621F2.CXS,35,4454,0.007858105
150622B1.CXS,346,4458,0.077613279
150622B2.CXS,203,4458,0.045536115
150622F1.CXS,4,4458,0.000897263
150622F2.CXS,36,4458,0.00807537
150623B1.CXS,330,4426,0.074559422
150623B2.CXS,157,4426,0.03547221
150623F1.CXS,8,4426,0.001807501
150623F2.CXS,43,4426,0.009715319
150624B1.CXS,324,4442,0.072940117
150624B2.CXS,181,4442,0.040747411
150624F1.CXS,1,4442,0.000225124
150624F2.CXS,27,4442,0.006078343
150625B1.CXS,314,4390,0.071526196
150625B2.CXS,179,4390,0.040774487
150625F1.CXS,1,4390,0.00022779
150625F2.CXS,35,4390,0.007972665
150626B1.CXS,293,4434,0.066080289
150626B2.CXS,159,4434,0.035859269
150626F1.CXS,1,4434,0.00022553
150626F2.CXS,25,4434,0.00563825
150627B1.CXS,308,4459,0.069073783
150627B2.CXS,176,4459,0.039470733
150627F1.CXS,0,4459,0
150627F2.CXS,29,4459,0.0065037
150628B1.CXS,310,4458,0.069537909
150628B2.CXS,187,4458,0.041947061
150628F1.CXS,0,4458,0
150628F2.CXS,38,4458,0.008524002
150629B1.CXS,291,4445,0.065466817
150629B2.CXS,154,4445,0.034645669
150629F1.CXS,0,4445,0
150629F2.CXS,27,4445,0.006074241
150630B1.CXS,334,4420,0.075565611
150630B2.CXS,177,4420,0.040045249
150630F1.CXS,2,4420,0.000452489
150630F2.CXS,37,4420,0.008371041
150701B1.CXS,0,4376,0
150701B2.CXS,0,4376,0
150701F1.CXS,0,4376,0
150701F2.CXS,0,4376,0
150702B1.CXS,0,4433,0
150702B2.CXS,0,4433,0
150702F1.CXS,0,4433,0
150702F2.CXS,0,4433,0
150703B1.CXS,0,4448,0
150703B2.CXS,0,4448,0
150703F1.CXS,0,4448,0
150703F2.CXS,0,4448,0
150704B1.CXS,0,4458,0
150704B2.CXS,0,4458,0
150704F1.CXS,0,4458,0
150704F2.CXS,0,4458,0
150705B1.CXS,47,4240,0.011084906
150705B2.CXS,27,4240,0.006367925
150705F1.CXS,0,4240,0
150705F2.CXS,2,4240,0.000471698
150706B1.CXS,84,4210,0.019952494
150706B2.CXS,44,4210,0.010451306
150706F1.CXS,0,4210,0
150706F2.CXS,5,4210,0.001187648
150707B1.CXS,313,4407,0.071023372
150707B2.CXS,165,4407,0.037440436
150707F1.CXS,5,4407,0.001134559
150707F2.CXS,44,4407,0.009984116
150708B1.CXS,316,4397,0.071867182
150708B2.CXS,161,4397,0.036615874
150708F1.CXS,3,4397,0.000682283
150708F2.CXS,42,4397,0.009551967
150709B1.CXS,305,4435,0.068771139
150709B2.CXS,164,4435,0.036978579
150709F1.CXS,2,4435,0.000450958
150709F2.CXS,34,4435,0.007666291
150710B1.CXS,265,4303,0.061584941
150710B2.CXS,140,4303,0.03253544
150710F1.CXS,2,4303,0.000464792
150710F2.CXS,30,4303,0.00697188
150712B1.CXS,297,4412,0.06731641
150712B2.CXS,161,4412,0.036491387
150712F1.CXS,3,4412,0.000679964
150712F2.CXS,31,4412,0.007026292
150713B1.CXS,310,4462,0.069475571
150713B2.CXS,168,4462,0.037651277
150713F1.CXS,2,4462,0.000448229
150713F2.CXS,46,4462,0.010309278
150714B1.CXS,321,4451,0.072118625
150714B2.CXS,187,4451,0.042013031
150714F1.CXS,5,4451,0.001123343
150714F2.CXS,39,4451,0.008762076
150715B1.CXS,367,4451,0.082453381
150715B2.CXS,199,4451,0.044709054
150715F1.CXS,14,4451,0.003145361
150715F2.CXS,47,4451,0.010559425
150716B1.CXS,337,4427,0.076123786
150716B2.CXS,190,4427,0.042918455
150716F1.CXS,3,4427,0.00067766
150716F2.CXS,40,4427,0.009035464
150717B1.CXS,270,4029,0.067014147
150717B2.CXS,155,4029,0.038471085
150717F1.CXS,0,4029,0
150717F2.CXS,34,4029,0.008438819
150718B1.CXS,16,581,0.027538726
150718B2.CXS,0,581,0
150718F1.CXS,0,581,0
150718F2.CXS,0,581,0
150719B1.CXS,20,584,0.034246575
150719B2.CXS,0,584,0
150719F1.CXS,0,584,0
150719F2.CXS,0,584,0
150720B1.CXS,26,584,0.044520548
150720B2.CXS,0,584,0
150720F1.CXS,0,584,0
150720F2.CXS,1,584,0.001712329
150721B1.CXS,273,3783,0.072164948
150721B2.CXS,139,3783,0.036743325
150721F1.CXS,4,3783,0.001057362
150721F2.CXS,24,3783,0.006344171
150722B1.CXS,306,4455,0.068686869
150722B2.CXS,172,4455,0.038608305
150722F1.CXS,3,4455,0.000673401
150722F2.CXS,36,4455,0.008080808
150723B1.CXS,298,4444,0.067056706
150723B2.CXS,170,4444,0.038253825
150723F1.CXS,6,4444,0.001350135
150723F2.CXS,41,4444,0.009225923
150724B1.CXS,343,4440,0.077252252
150724B2.CXS,191,4440,0.043018018
150724F1.CXS,6,4440,0.001351351
150724F2.CXS,38,4440,0.008558559
150725B1.CXS,191,4411,0.043300839
150725B2.CXS,89,4411,0.020176831
150725F1.CXS,11,4411,0.002493766
150725F2.CXS,22,4411,0.004987531
150726B1.CXS,341,4446,0.076698156
150726B2.CXS,169,4446,0.038011696
150726F1.CXS,10,4446,0.002249213
150726F2.CXS,42,4446,0.009446694
150727B1.CXS,335,4448,0.075314748
150727B2.CXS,187,4448,0.042041367
150727F1.CXS,12,4448,0.002697842
150727F2.CXS,37,4448,0.008318345
150728B1.CXS,344,4461,0.077112755
150728B2.CXS,166,4461,0.037211388
150728F1.CXS,5,4461,0.001120825
150728F2.CXS,39,4461,0.008742434
150729B1.CXS,327,4451,0.073466637
150729B2.CXS,189,4451,0.042462368
150729F1.CXS,6,4451,0.001348012
150729F2.CXS,42,4451,0.009436082
150730B1.CXS,316,4445,0.071091114
150730B2.CXS,168,4445,0.037795276
150730F1.CXS,2,4445,0.000449944
150730F2.CXS,39,4445,0.008773903
150731B1.CXS,138,4408,0.031306715
150731B2.CXS,73,4408,0.016560799
150731F1.CXS,0,4408,0
150731F2.CXS,10,4408,0.002268603
150801B1.CXS,334,4439,0.075242172
150801B2.CXS,175,4439,0.039423294
150801F1.CXS,2,4439,0.000450552
150801F2.CXS,35,4439,0.007884659
150802B1.CXS,321,4448,0.072167266
150802B2.CXS,172,4448,0.038669065
150802F1.CXS,0,4448,0
150802F2.CXS,35,4448,0.007868705
150803B1.CXS,330,4393,0.075119508
150803B2.CXS,187,4393,0.042567721
150803F1.CXS,7,4393,0.001593444
150803F2.CXS,34,4393,0.007739586
150804B1.CXS,309,4445,0.06951631
150804B2.CXS,166,4445,0.037345332
150804F1.CXS,4,4445,0.000899888
150804F2.CXS,25,4445,0.005624297
150805B1.CXS,79,4403,0.017942312
150805B2.CXS,41,4403,0.009311833
150805F1.CXS,0,4403,0
150805F2.CXS,3,4403,0.000681354
150806B1.CXS,349,4462,0.078216047
150806B2.CXS,162,4462,0.036306589
150806F1.CXS,6,4462,0.001344688
150806F2.CXS,45,4462,0.010085164
150807B1.CXS,367,4374,0.083904893
150807B2.CXS,201,4374,0.045953361
150807F1.CXS,20,4374,0.004572474
150807F2.CXS,46,4374,0.01051669
150808B1.CXS,327,4399,0.074335076
150808B2.CXS,166,4399,0.037735849
150808F1.CXS,24,4399,0.005455785
150808F2.CXS,58,4399,0.013184815
150809B1.CXS,375,4320,0.086805556
150809B2.CXS,211,4320,0.048842593
150809F1.CXS,14,4320,0.003240741
150809F2.CXS,43,4320,0.009953704
150810B1.CXS,356,4375,0.081371429
150810B2.CXS,182,4375,0.0416
150810F1.CXS,15,4375,0.003428571
150810F2.CXS,46,4375,0.010514286
150811B1.CXS,334,4358,0.076640661
150811B2.CXS,171,4358,0.039238183
150811F1.CXS,4,4358,0.000917852
150811F2.CXS,37,4358,0.008490133
150812B1.CXS,116,4391,0.026417673
150812B2.CXS,59,4391,0.013436575
150812F1.CXS,1,4391,0.000227739
150812F2.CXS,11,4391,0.002505124
150813B1.CXS,320,4459,0.07176497
150813B2.CXS,172,4459,0.038573671
150813F1.CXS,3,4459,0.000672797
150813F2.CXS,39,4459,0.008746356
150814B1.CXS,304,4454,0.068253256
150814B2.CXS,179,4454,0.040188595
150814F1.CXS,2,4454,0.000449035
150814F2.CXS,34,4454,0.007633588
150815B1.CXS,223,4402,0.050658791
150815B2.CXS,108,4402,0.024534303
150815F1.CXS,1,4402,0.000227169
150815F2.CXS,18,4402,0.00408905
150816B1.CXS,323,4448,0.072616906
150816B2.CXS,179,4448,0.040242806
150816F1.CXS,7,4448,0.001573741
150816F2.CXS,45,4448,0.010116906
150817B1.CXS,236,4404,0.053587648
150817B2.CXS,125,4404,0.028383288
150817F1.CXS,5,4404,0.001135332
150817F2.CXS,22,4404,0.004995459
150818B1.CXS,297,4379,0.067823704
150818B2.CXS,172,4379,0.039278374
150818F1.CXS,5,4379,0.001141813
150818F2.CXS,32,4379,0.007307604
150819B1.CXS,323,4444,0.072682268
150819B2.CXS,181,4444,0.040729073
150819F1.CXS,4,4444,0.00090009
150819F2.CXS,50,4444,0.011251125
150820B1.CXS,363,4468,0.081244405
150820B2.CXS,183,4468,0.040957923
150820F1.CXS,3,4468,0.000671441
150820F2.CXS,35,4468,0.007833483
150821B1.CXS,341,4434,0.076905728
150821B2.CXS,182,4434,0.041046459
150821F1.CXS,4,4434,0.00090212
150821F2.CXS,31,4434,0.00699143
150822B1.CXS,341,4443,0.076749944
150822B2.CXS,203,4443,0.045689849
150822F1.CXS,10,4443,0.002250731
150822F2.CXS,48,4443,0.010803511
150823B1.CXS,329,4459,0.073783359
150823B2.CXS,164,4459,0.036779547
150823F1.CXS,13,4459,0.002915452
150823F2.CXS,53,4459,0.011886073
150824B1.CXS,267,4395,0.060750853
150824B2.CXS,146,4395,0.033219568
150824F1.CXS,1,4395,0.000227531
150824F2.CXS,29,4395,0.006598407
150825B1.CXS,334,4397,0.075960882
150825B2.CXS,168,4397,0.038207869
150825F1.CXS,3,4397,0.000682283
150825F2.CXS,47,4397,0.010689106
150826B1.CXS,341,4452,0.076594789
150826B2.CXS,182,4452,0.040880503
150826F1.CXS,26,4452,0.005840072
150826F2.CXS,54,4452,0.01212938
150827B1.CXS,410,4459,0.091948867
150827B2.CXS,207,4459,0.046422965
150827F1.CXS,31,4459,0.006952231
150827F2.CXS,56,4459,0.01255887
150828B1.CXS,318,4448,0.071492806
150828B2.CXS,185,4448,0.041591727
150828F1.CXS,16,4448,0.003597122
150828F2.CXS,44,4448,0.009892086
150829B1.CXS,336,4449,0.075522589
150829B2.CXS,173,4449,0.038885143
150829F1.CXS,4,4449,0.000899078
150829F2.CXS,42,4449,0.009440324
150830B1.CXS,318,4445,0.071541057
150830B2.CXS,178,4445,0.040044994
150830F1.CXS,16,4445,0.00359955
150830F2.CXS,47,4445,0.010573678
150831B1.CXS,358,4373,0.081865996
150831B2.CXS,152,4373,0.034758747
150831F1.CXS,26,4373,0.005945575
150831F2.CXS,58,4373,0.013263206
150901B1.CXS,374,4392,0.085154827
150901B2.CXS,195,4392,0.044398907
150901F1.CXS,27,4392,0.006147541
150901F2.CXS,44,4392,0.010018215
150902B1.CXS,375,4379,0.08563599
150902B2.CXS,196,4379,0.044759077
150902F1.CXS,35,4379,0.007992692
150902F2.CXS,59,4379,0.013473396
150903B1.CXS,359,4457,0.080547453
150903B2.CXS,165,4457,0.037020417
150903F1.CXS,25,4457,0.005609154
150903F2.CXS,54,4457,0.012115773
150904B1.CXS,386,4453,0.086683135
150904B2.CXS,200,4453,0.044913541
150904F1.CXS,33,4453,0.007410734
150904F2.CXS,62,4453,0.013923198
150905B1.CXS,393,4445,0.088413948
150905B2.CXS,204,4445,0.045894263
150905F1.CXS,34,4445,0.007649044
150905F2.CXS,64,4445,0.0143982
150906B1.CXS,410,4450,0.092134831
150906B2.CXS,226,4450,0.050786517
150906F1.CXS,58,4450,0.013033708
150906F2.CXS,76,4450,0.017078652
150907B1.CXS,447,4374,0.102194787
150907B2.CXS,197,4374,0.045038866
150907F1.CXS,51,4374,0.011659808
150907F2.CXS,79,4374,0.018061271
150908B1.CXS,461,4446,0.103688709
150908B2.CXS,214,4446,0.048133153
150908F1.CXS,51,4446,0.011470985
150908F2.CXS,80,4446,0.017993702
150909B1.CXS,361,4443,0.081251407
150909B2.CXS,190,4443,0.042763898
150909F1.CXS,12,4443,0.002700878
150909F2.CXS,39,4443,0.008777853
150910B1.CXS,374,4445,0.084139483
150910B2.CXS,202,4445,0.045444319
150910F1.CXS,29,4445,0.006524184
150910F2.CXS,57,4445,0.012823397
150911B1.CXS,331,4448,0.074415468
150911B2.CXS,194,4448,0.043615108
150911F1.CXS,16,4448,0.003597122
150911F2.CXS,54,4448,0.012140288
150912B1.CXS,335,4444,0.075382538
150912B2.CXS,182,4444,0.040954095
150912F1.CXS,4,4444,0.00090009
150912F2.CXS,41,4444,0.009225923
150913B1.CXS,341,4453,0.076577588
150913B2.CXS,180,4453,0.040422187
150913F1.CXS,5,4453,0.001122839
150913F2.CXS,42,4453,0.009431844
150914B1.CXS,386,4430,0.087133183
150914B2.CXS,195,4430,0.044018059
150914F1.CXS,14,4430,0.003160271
150914F2.CXS,57,4430,0.012866817
150915B1.CXS,378,4421,0.085501018
150915B2.CXS,191,4421,0.043202895
150915F1.CXS,15,4421,0.003392898
150915F2.CXS,61,4421,0.013797783
150916B1.CXS,405,4406,0.091920109
150916B2.CXS,175,4406,0.039718566
150916F1.CXS,30,4406,0.006808897
150916F2.CXS,76,4406,0.017249206
150917B1.CXS,377,4459,0.084548105
150917B2.CXS,193,4459,0.043283247
150917F1.CXS,29,4459,0.0065037
150917F2.CXS,66,4459,0.014801525
150918B1.CXS,351,4440,0.079054054
150918B2.CXS,172,4440,0.038738739
150918F1.CXS,20,4440,0.004504505
150918F2.CXS,57,4440,0.012837838
150919B1.CXS,320,4213,0.075955376
150919B2.CXS,130,4213,0.030856872
150919F1.CXS,43,4213,0.010206504
150919F2.CXS,53,4213,0.012580109
150920B1.CXS,402,4445,0.090438695
150920B2.CXS,188,4445,0.042294713
150920F1.CXS,9,4445,0.002024747
150920F2.CXS,44,4445,0.009898763
150921B1.CXS,397,4391,0.090412207
150921B2.CXS,188,4391,0.042814849
150921F1.CXS,35,4391,0.007970849
150921F2.CXS,59,4391,0.013436575
150922B1.CXS,431,4379,0.098424298
150922B2.CXS,193,4379,0.044073989
150922F1.CXS,45,4379,0.010276319
150922F2.CXS,91,4379,0.020781
150923B1.CXS,435,4422,0.098371777
150923B2.CXS,192,4422,0.043419267
150923F1.CXS,36,4422,0.008141113
150923F2.CXS,66,4422,0.014925373
150924B1.CXS,483,4458,0.108344549
150924B2.CXS,230,4458,0.051592642
150924F1.CXS,27,4458,0.006056528
150924F2.CXS,65,4458,0.014580529
150925B1.CXS,462,4451,0.1037969
150925B2.CXS,234,4451,0.052572456
150925F1.CXS,47,4451,0.010559425
150925F2.CXS,70,4451,0.015726803
150926B1.CXS,433,4412,0.098141432
150926B2.CXS,192,4412,0.043517679
150926F1.CXS,36,4412,0.008159565
150926F2.CXS,68,4412,0.015412511
150927B1.CXS,394,4456,0.088420108
150927B2.CXS,201,4456,0.04510772
150927F1.CXS,31,4456,0.006956912
150927F2.CXS,62,4456,0.013913824
150928B1.CXS,413,4437,0.093080911
150928B2.CXS,197,4437,0.044399369
150928F1.CXS,32,4437,0.00721208
150928F2.CXS,68,4437,0.01532567
150929B1.CXS,422,4449,0.094852776
150929B2.CXS,200,4449,0.044953922
150929F1.CXS,32,4449,0.007192628
150929F2.CXS,68,4449,0.015284334
150930B1.CXS,350,4442,0.078793336
150930B2.CXS,197,4442,0.044349392
150930F1.CXS,19,4442,0.004277353
150930F2.CXS,59,4442,0.013282305
151001B1.CXS,371,4353,0.085228578
151001B2.CXS,197,4353,0.045256145
151001F1.CXS,12,4353,0.00275672
151001F2.CXS,57,4353,0.013094418
151002B1.CXS,359,4457,0.080547453
151002B2.CXS,197,4457,0.044200135
151002F1.CXS,6,4457,0.001346197
151002F2.CXS,52,4457,0.011667041
151003B1.CXS,388,4451,0.087171422
151003B2.CXS,192,4451,0.043136374
151003F1.CXS,8,4451,0.001797349
151003F2.CXS,55,4451,0.012356774
151004B1.CXS,386,4427,0.08719223
151004B2.CXS,229,4427,0.051728033
151004F1.CXS,11,4427,0.002484753
151004F2.CXS,49,4427,0.011068444
151005B1.CXS,34,4401,0.007725517
151005B2.CXS,14,4401,0.003181095
151005F1.CXS,1,4401,0.000227221
151005F2.CXS,7,4401,0.001590548
151006B1.CXS,86,4449,0.019330187
151006B2.CXS,40,4449,0.008990784
151006F1.CXS,3,4449,0.000674309
151006F2.CXS,10,4449,0.002247696
151007B1.CXS,404,4441,0.090970502
151007B2.CXS,217,4441,0.048862869
151007F1.CXS,16,4441,0.003602792
151007F2.CXS,38,4441,0.008556631
151008B1.CXS,426,4449,0.095751854
151008B2.CXS,226,4449,0.050797932
151008F1.CXS,40,4449,0.008990784
151008F2.CXS,53,4449,0.011912789
151009B1.CXS,380,4446,0.085470085
151009B2.CXS,200,4446,0.044984256
151009F1.CXS,18,4446,0.004048583
151009F2.CXS,59,4446,0.013270355
151010B1.CXS,383,4458,0.085912965
151010B2.CXS,206,4458,0.046209062
151010F1.CXS,8,4458,0.001794527
151010F2.CXS,62,4458,0.013907582
151011B1.CXS,458,4419,0.103643358
151011B2.CXS,216,4419,0.048879837
151011F1.CXS,37,4419,0.008372935
151011F2.CXS,65,4419,0.01470921
151012B1.CXS,489,4436,0.110234445
151012B2.CXS,241,4436,0.054328224
151012F1.CXS,41,4436,0.009242561
151012F2.CXS,90,4436,0.020288548
151013B1.CXS,430,4453,0.096564114
151013B2.CXS,218,4453,0.04895576
151013F1.CXS,31,4453,0.006961599
151013F2.CXS,53,4453,0.011902088
151014B1.CXS,498,4445,0.112035996
151014B2.CXS,223,4445,0.050168729
151014F1.CXS,53,4445,0.01192351
151014F2.CXS,67,4445,0.015073116
151015B1.CXS,438,4371,0.100205903
151015B2.CXS,203,4371,0.046442462
151015F1.CXS,38,4371,0.008693663
151015F2.CXS,70,4371,0.016014642
151016B1.CXS,430,4402,0.097682871
151016B2.CXS,203,4402,0.046115402
151016F1.CXS,16,4402,0.003634711
151016F2.CXS,57,4402,0.01294866
151017B1.CXS,419,4453,0.094093869
151017B2.CXS,210,4453,0.047159219
151017F1.CXS,11,4453,0.002470245
151017F2.CXS,47,4453,0.010554682
151018B1.CXS,427,4415,0.096715742
151018B2.CXS,206,4415,0.046659117
151018F1.CXS,18,4415,0.00407701
151018F2.CXS,55,4415,0.012457531
151019B1.CXS,445,4364,0.101970669
151019B2.CXS,212,4364,0.048579285
151019F1.CXS,18,4364,0.004124656
151019F2.CXS,63,4364,0.014436297
151020B1.CXS,506,4370,0.115789474
151020B2.CXS,240,4370,0.054919908
151020F1.CXS,27,4370,0.00617849
151020F2.CXS,61,4370,0.01395881
151021B1.CXS,452,4455,0.101459035
151021B2.CXS,245,4455,0.054994388
151021F1.CXS,35,4455,0.007856341
151021F2.CXS,66,4455,0.014814815
151022B1.CXS,474,4448,0.106564748
151022B2.CXS,227,4448,0.051034173
151022F1.CXS,30,4448,0.006744604
151022F2.CXS,48,4448,0.010791367
151023B1.CXS,512,4420,0.115837104
151023B2.CXS,220,4420,0.049773756
151023F1.CXS,27,4420,0.006108597
151023F2.CXS,84,4420,0.019004525
151024B1.CXS,425,4453,0.095441276
151024B2.CXS,201,4453,0.045138109
151024F1.CXS,30,4453,0.006737031
151024F2.CXS,66,4453,0.014821469
151025B1.CXS,223,4397,0.050716398
151025B2.CXS,130,4397,0.029565613
151025F1.CXS,9,4397,0.00204685
151025F2.CXS,29,4397,0.006595406
151026B1.CXS,479,4451,0.107616266
151026B2.CXS,256,4451,0.057515165
151026F1.CXS,28,4451,0.006290721
151026F2.CXS,49,4451,0.011008762
151027B1.CXS,454,4410,0.102947846
151027B2.CXS,228,4410,0.05170068
151027F1.CXS,32,4410,0.007256236
151027F2.CXS,58,4410,0.013151927
151028B1.CXS,469,4423,0.106036627
151028B2.CXS,231,4423,0.052226995
151028F1.CXS,51,4423,0.011530635
151028F2.CXS,59,4423,0.013339362
151029B1.CXS,453,4457,0.101637873
151029B2.CXS,225,4457,0.050482387
151029F1.CXS,40,4457,0.008974647
151029F2.CXS,87,4457,0.019519856
151030B1.CXS,421,4455,0.094500561
151030B2.CXS,206,4455,0.04624018
151030F1.CXS,37,4455,0.008305275
151030F2.CXS,78,4455,0.017508418
151031B1.CXS,383,4444,0.086183618
151031B2.CXS,185,4444,0.041629163
151031F1.CXS,36,4444,0.00810081
151031F2.CXS,55,4444,0.012376238
151101B1.CXS,487,4441,0.109659986
151101B2.CXS,252,4441,0.056743977
151101F1.CXS,35,4441,0.007881108
151101F2.CXS,78,4441,0.017563612
151102B1.CXS,485,4445,0.109111361
151102B2.CXS,222,4445,0.049943757
151102F1.CXS,56,4445,0.012598425
151102F2.CXS,73,4445,0.016422947
151103B1.CXS,477,4453,0.107118796
151103B2.CXS,232,4453,0.052099708
151103F1.CXS,65,4453,0.014596901
151103F2.CXS,87,4453,0.019537391
151104B1.CXS,568,4399,0.129120255
151104B2.CXS,234,4399,0.053193908
151104F1.CXS,86,4399,0.019549898
151104F2.CXS,93,4399,0.021141168
151105B1.CXS,587,4459,0.131643866
151105B2.CXS,267,4459,0.059878897
151105F1.CXS,87,4459,0.019511101
151105F2.CXS,95,4459,0.021305225
151106B1.CXS,469,4451,0.10536958
151106B2.CXS,224,4451,0.050325769
151106F1.CXS,56,4451,0.012581442
151106F2.CXS,77,4451,0.017299483
151107B1.CXS,424,4452,0.095238095
151107B2.CXS,216,4452,0.04851752
151107F1.CXS,65,4452,0.01460018
151107F2.CXS,86,4452,0.019317161
151108B1.CXS,466,4461,0.104460883
151108B2.CXS,218,4461,0.048867967
151108F1.CXS,45,4461,0.010087424
151108F2.CXS,88,4461,0.019726519
151109B1.CXS,448,4458,0.100493495
151109B2.CXS,211,4458,0.047330642
151109F1.CXS,54,4458,0.012113055
151109F2.CXS,80,4458,0.017945267
151110B1.CXS,482,4458,0.108120233
151110B2.CXS,214,4458,0.048003589
151110F1.CXS,45,4458,0.010094213
151110F2.CXS,78,4458,0.017496635
151111B1.CXS,530,4434,0.119530898
151111B2.CXS,244,4434,0.055029319
151111F1.CXS,87,4434,0.01962111
151111F2.CXS,86,4434,0.01939558
151112B1.CXS,471,4468,0.105416294
151112B2.CXS,218,4468,0.048791406
151112F1.CXS,50,4468,0.011190689
151112F2.CXS,91,4468,0.020367055
151113B1.CXS,477,4462,0.106902734
151113B2.CXS,253,4462,0.056701031
151113F1.CXS,75,4462,0.016808606
151113F2.CXS,94,4462,0.021066786
151114B1.CXS,464,4450,0.104269663
151114B2.CXS,208,4450,0.046741573
151114F1.CXS,45,4450,0.01011236
151114F2.CXS,88,4450,0.019775281
151115B1.CXS,484,4427,0.109329117
151115B2.CXS,221,4427,0.04992094
151115F1.CXS,66,4427,0.014908516
151115F2.CXS,75,4427,0.016941495
151116B1.CXS,473,4178,0.113212063
151116B2.CXS,240,4178,0.057443753
151116F1.CXS,70,4178,0.016754428
151116F2.CXS,80,4178,0.019147918
151117B1.CXS,429,2991,0.143430291
151117B2.CXS,194,2991,0.06486125
151117F1.CXS,101,2991,0.033767971
151117F2.CXS,82,2991,0.02741558
151118B1.CXS,566,4425,0.127909605
151118B2.CXS,240,4425,0.054237288
151118F1.CXS,105,4425,0.023728814
151118F2.CXS,101,4425,0.022824859
151119B1.CXS,577,4463,0.129285234
151119B2.CXS,277,4463,0.062065875
151119F1.CXS,105,4463,0.023526776
151119F2.CXS,114,4463,0.025543356
151120B1.CXS,568,4341,0.130845427
151120B2.CXS,228,4341,0.05252246
151120F1.CXS,147,4341,0.033863165
151120F2.CXS,118,4341,0.027182677
151121B1.CXS,732,4263,0.171710063
151121B2.CXS,270,4263,0.063335679
151121F1.CXS,265,4263,0.062162796
151121F2.CXS,184,4263,0.043162092
151122B1.CXS,893,4424,0.201853526
151122B2.CXS,348,4424,0.078661844
151122F1.CXS,294,4424,0.066455696
151122F2.CXS,172,4424,0.038878843
151123B1.CXS,651,4453,0.146193577
151123B2.CXS,279,4453,0.06265439
151123F1.CXS,155,4453,0.034807995
151123F2.CXS,134,4453,0.030092073
151124B1.CXS,589,4458,0.132122028
151124B2.CXS,270,4458,0.060565276
151124F1.CXS,157,4458,0.035217586
151124F2.CXS,138,4458,0.030955585
151125B1.CXS,601,4443,0.135268962
151125B2.CXS,231,4443,0.051991897
151125F1.CXS,168,4443,0.037812289
151125F2.CXS,138,4443,0.031060095
151126B1.CXS,645,4453,0.144846171
151126B2.CXS,250,4453,0.056141927
151126F1.CXS,207,4453,0.046485515
151126F2.CXS,145,4453,0.032562318
151127B1.CXS,625,4189,0.149200286
151127B2.CXS,245,4189,0.058486512
151127F1.CXS,206,4189,0.049176414
151127F2.CXS,146,4189,0.034853187
151128B1.CXS,887,4457,0.199012789
151128B2.CXS,375,4457,0.084137312
151128F1.CXS,384,4457,0.086156608
151128F2.CXS,245,4457,0.054969711
151129B1.CXS,959,4409,0.217509639
151129B2.CXS,370,4409,0.083919256
151129F1.CXS,311,4409,0.070537537
151129F2.CXS,200,4409,0.04536176
151130B1.CXS,1030,4388,0.234731085
151130B2.CXS,393,4388,0.089562443
151130F1.CXS,368,4388,0.083865087
151130F2.CXS,194,4388,0.044211486
151201B1.CXS,957,4412,0.216908432
151201B2.CXS,381,4411,0.086374972
151201F1.CXS,319,4412,0.072302811
151201F2.CXS,157,4412,0.035584769
151202B1.CXS,962,4366,0.220338983
151202B2.CXS,361,4366,0.082684379
151202F1.CXS,249,4366,0.057031608
151202F2.CXS,150,4366,0.03435639
151203B1.CXS,779,4304,0.180994424
151203B2.CXS,311,4304,0.072258364
151203F1.CXS,210,4304,0.048791822
151203F2.CXS,139,4304,0.032295539
151204B1.CXS,607,4403,0.13786055
151204B2.CXS,259,4403,0.058823529
151204F1.CXS,166,4403,0.037701567
151204F2.CXS,134,4403,0.030433795
151205B1.CXS,676,4458,0.151637506
151205B2.CXS,255,4458,0.057200538
151205F1.CXS,167,4458,0.037460745
151205F2.CXS,112,4458,0.025123374
151206B1.CXS,712,4437,0.160468785
151206B2.CXS,290,4437,0.065359477
151206F1.CXS,180,4437,0.040567951
151206F2.CXS,136,4437,0.030651341
151207B1.CXS,687,4420,0.155429864
151207B2.CXS,309,4420,0.069909502
151207F1.CXS,154,4420,0.034841629
151207F2.CXS,128,4420,0.028959276
151208B1.CXS,685,4404,0.155540418
151208B2.CXS,294,4404,0.066757493
151208F1.CXS,142,4404,0.032243415
151208F2.CXS,120,4404,0.027247956
151209B1.CXS,714,4420,0.161538462
151209B2.CXS,269,4420,0.060859729
151209F1.CXS,173,4420,0.039140271
151209F2.CXS,128,4420,0.028959276
151210B1.CXS,610,4438,0.137449301
151210B2.CXS,242,4438,0.054529067
151210F1.CXS,196,4438,0.044164038
151210F2.CXS,136,4438,0.030644434
151211B1.CXS,661,4452,0.148472597
151211B2.CXS,257,4452,0.057726864
151211F1.CXS,178,4452,0.039982031
151211F2.CXS,114,4452,0.025606469
151212B1.CXS,609,4437,0.137254902
151212B2.CXS,220,4437,0.049583052
151212F1.CXS,178,4437,0.040117196
151212F2.CXS,101,4437,0.022763128
151213B1.CXS,635,4421,0.143632662
151213B2.CXS,303,4421,0.06853653
151213F1.CXS,159,4421,0.035964714
151213F2.CXS,136,4421,0.030762271
151214B1.CXS,544,4416,0.123188406
151214B2.CXS,232,4416,0.052536232
151214F1.CXS,107,4416,0.024230072
151214F2.CXS,115,4416,0.026041667
151216B1.CXS,585,4444,0.131638164
151216B2.CXS,249,4444,0.056030603
151216F1.CXS,136,4444,0.03060306
151216F2.CXS,129,4444,0.029027903
151217B1.CXS,506,4454,0.113605748
151217B2.CXS,216,4454,0.048495734
151217F1.CXS,96,4454,0.02155366
151217F2.CXS,109,4454,0.024472384
151218B1.CXS,563,4451,0.12648843
151218B2.CXS,242,4451,0.054369805
151218F1.CXS,109,4451,0.024488879
151218F2.CXS,122,4451,0.027409571
151219B1.CXS,587,4458,0.131673396
151219B2.CXS,253,4458,0.056751907
151219F1.CXS,107,4458,0.024001795
151219F2.CXS,96,4458,0.02153432
151220B1.CXS,692,4460,0.155156951
151220B2.CXS,308,4460,0.069058296
151220F1.CXS,169,4460,0.037892377
151220F2.CXS,124,4460,0.027802691
151221B1.CXS,655,4311,0.151936906
151221B2.CXS,275,4311,0.063790304
151221F1.CXS,156,4311,0.0361865
151221F2.CXS,122,4311,0.028299698
151222B1.CXS,1005,4451,0.225791957
151222B2.CXS,416,4451,0.093462143
151222F1.CXS,248,4451,0.055717816
151222F2.CXS,165,4451,0.037070321
151223B1.CXS,684,4399,0.155489884
151223B2.CXS,265,4399,0.060240964
151223F1.CXS,212,4399,0.048192771
151223F2.CXS,172,4399,0.039099795
151224B1.CXS,835,4448,0.18772482
151224B2.CXS,338,4448,0.075989209
151224F1.CXS,201,4448,0.045188849
151224F2.CXS,146,4448,0.032823741
151225B1.CXS,820,4450,0.184269663
151225B2.CXS,324,4450,0.072808989
151225F1.CXS,198,4450,0.044494382
151225F2.CXS,147,4450,0.033033708
151226B1.CXS,724,4396,0.164695177
151226B2.CXS,293,4396,0.066651501
151226F1.CXS,199,4396,0.045268426
151226F2.CXS,137,4396,0.031164695
151227B1.CXS,747,4421,0.168966297
151227B2.CXS,291,4421,0.065822212
151227F1.CXS,236,4421,0.053381588
151227F2.CXS,159,4421,0.035964714
151228B1.CXS,99,567,0.174603175
151228B2.CXS,41,567,0.072310406
151228F1.CXS,33,567,0.058201058
151228F2.CXS,26,567,0.045855379
151231B1.CXS,,,
151231B2.CXS,,,
151231F1.CXS,,,
151231F2.CXS,,,
160101B1.CXS,,,
160101B2.CXS,,,
160101F1.CXS,,,
160101F2.CXS,,,
160103B1.CXS,,,
160103B2.CXS,,,
160103F1.CXS,,,
160103F2.CXS,,,
160104B1.CXS,,,
160104B2.CXS,,,
160104F1.CXS,,,
160104F2.CXS,,,
160105B1.CXS,882,4415,0.199773499
160105B2.CXS,341,4415,0.077236693
160105F1.CXS,377,4415,0.085390713
160105F2.CXS,178,4415,0.040317101
160106B1.CXS,879,4452,0.197439353
160106B2.CXS,351,4452,0.07884097
160106F1.CXS,343,4452,0.077044025
160106F2.CXS,186,4452,0.041778976
160107B1.CXS,832,4418,0.188320507
160107B2.CXS,310,4418,0.070167497
160107F1.CXS,413,4418,0.093481213
160107F2.CXS,201,4418,0.045495699
160108B1.CXS,835,4443,0.187936079
160108B2.CXS,329,4443,0.074049066
160108F1.CXS,445,4443,0.100157551
160108F2.CXS,204,4443,0.045914922
160109B1.CXS,945,4453,0.212216483
160109B2.CXS,385,4453,0.086458567
160109F1.CXS,403,4453,0.090500786
160109F2.CXS,207,4453,0.046485515
160110B1.CXS,901,4443,0.202790907
160110B2.CXS,345,4443,0.077650236
160110F1.CXS,388,4443,0.087328382
160110F2.CXS,202,4443,0.045464776
160111B1.CXS,899,4425,0.203163842
160111B2.CXS,319,4425,0.072090395
160111F1.CXS,355,4425,0.080225989
160111F2.CXS,196,4425,0.044293785
160112B1.CXS,878,4440,0.197747748
160112B2.CXS,356,4440,0.08018018
160112F1.CXS,398,4440,0.08963964
160112F2.CXS,202,4440,0.045495495
160113B1.CXS,853,4385,0.194526796
160113B2.CXS,353,4385,0.08050171
160113F1.CXS,380,4385,0.086659065
160113F2.CXS,205,4385,0.046750285
160114B1.CXS,628,3058,0.205362982
160114B2.CXS,235,3058,0.076847613
160114F1.CXS,243,3058,0.079463702
160114F2.CXS,146,3058,0.047743623
160115B1.CXS,829,4460,0.185874439
160115B2.CXS,315,4460,0.070627803
160115F1.CXS,328,4460,0.073542601
160115F2.CXS,169,4460,0.037892377
160116B1.CXS,927,4388,0.211257976
160116B2.CXS,357,4388,0.08135825
160116F1.CXS,278,4388,0.063354603
160116F2.CXS,152,4388,0.034639927
160117B1.CXS,956,4446,0.215024741
160117B2.CXS,350,4446,0.078722447
160117F1.CXS,379,4446,0.085245164
160117F2.CXS,218,4446,0.049032839
160118B1.CXS,835,4462,0.187135814
160118B2.CXS,295,4462,0.06611385
160118F1.CXS,398,4462,0.089197669
160118F2.CXS,200,4462,0.044822949
160119B1.CXS,1012,4409,0.229530506
160119B2.CXS,389,4409,0.088228623
160119F1.CXS,284,4409,0.064413699
160119F2.CXS,191,4409,0.043320481
160120B1.CXS,987,4456,0.221499102
160120B2.CXS,330,4456,0.074057451
160120F1.CXS,372,4456,0.083482944
160120F2.CXS,200,4456,0.044883303
160121B1.CXS,975,4437,0.21974307
160121B2.CXS,405,4437,0.09127789
160121F1.CXS,325,4437,0.07324769
160121F2.CXS,201,4437,0.045300879
160122B1.CXS,862,4449,0.193751405
160122B2.CXS,347,4449,0.077995055
160122F1.CXS,415,4449,0.093279389
160122F2.CXS,246,4449,0.055293324
160123B1.CXS,979,4450,0.22
160123B2.CXS,412,4450,0.09258427
160123F1.CXS,372,4450,0.083595506
160123F2.CXS,190,4450,0.042696629
160124B1.CXS,1028,4412,0.233000907
160124B2.CXS,397,4412,0.089981868
160124F1.CXS,245,4412,0.055530372
160124F2.CXS,174,4412,0.039437897
160125B1.CXS,915,4452,0.205525606
160125B2.CXS,328,4452,0.073674753
160125F1.CXS,318,4452,0.071428571
160125F2.CXS,180,4452,0.040431267
160126B1.CXS,997,4457,0.223693067
160126B2.CXS,359,4457,0.080547453
160126F1.CXS,340,4457,0.076284496
160126F2.CXS,175,4457,0.039264079
160127B1.CXS,984,4334,0.227041994
160127B2.CXS,380,4334,0.087678819
160127F1.CXS,244,4334,0.056299031
160127F2.CXS,123,4334,0.028380249
160128B1.CXS,971,4458,0.217810677
160128B2.CXS,404,4458,0.090623598
160128F1.CXS,261,4458,0.058546433
160128F2.CXS,159,4458,0.035666218
160129B1.CXS,916,4448,0.205935252
160129B2.CXS,374,4448,0.084082734
160129F1.CXS,177,4448,0.039793165
160129F2.CXS,124,4448,0.027877698
160130B1.CXS,874,4403,0.198501022
160130B2.CXS,349,4403,0.079264138
160130F1.CXS,189,4403,0.042925278
160130F2.CXS,126,4403,0.028616852
160201B1.CXS,921,4365,0.210996564
160201B2.CXS,371,4365,0.084994273
160201F1.CXS,228,4365,0.052233677
160201F2.CXS,141,4365,0.032302405
160202B1.CXS,855,4408,0.193965517
160202B2.CXS,339,4408,0.076905626
160202F1.CXS,265,4408,0.060117967
160202F2.CXS,157,4408,0.03561706
160203B1.CXS,919,4414,0.208201178
160203B2.CXS,345,4414,0.078160399
160203F1.CXS,329,4414,0.074535569
160203F2.CXS,207,4414,0.046896239
160204B1.CXS,1018,4452,0.228661276
160204B2.CXS,350,4452,0.078616352
160204F1.CXS,313,4452,0.070305481
160204F2.CXS,180,4452,0.040431267
160205B1.CXS,967,4453,0.217156973
160205B2.CXS,433,4453,0.097237817
160205F1.CXS,258,4453,0.057938468
160205F2.CXS,143,4453,0.032113182
160206B1.CXS,956,4440,0.215315315
160206B2.CXS,364,4440,0.081981982
160206F1.CXS,276,4440,0.062162162
160206F2.CXS,167,4440,0.037612613
160207B1.CXS,974,4457,0.218532645
160207B2.CXS,360,4457,0.08077182
160207F1.CXS,280,4457,0.062822526
160207F2.CXS,176,4457,0.039488445
160208B1.CXS,956,4409,0.216829213
160208B2.CXS,376,4409,0.085280109
160208F1.CXS,379,4409,0.085960535
160208F2.CXS,207,4409,0.046949422
160209B1.CXS,899,4440,0.202477477
160209B2.CXS,338,4440,0.076126126
160209F1.CXS,343,4440,0.077252252
160209F2.CXS,202,4440,0.045495495
160210B1.CXS,923,4405,0.20953462
160210B2.CXS,391,4405,0.08876277
160210F1.CXS,276,4405,0.062656073
160210F2.CXS,140,4405,0.031782066
160211B1.CXS,858,4460,0.192376682
160211B2.CXS,319,4460,0.071524664
160211F1.CXS,288,4460,0.064573991
160211F2.CXS,168,4460,0.037668161
160213B1.CXS,1026,4460,0.230044843
160213B2.CXS,412,4460,0.092376682
160213F1.CXS,292,4460,0.065470852
160213F2.CXS,166,4460,0.037219731
160214B1.CXS,961,4448,0.216052158
160214B2.CXS,390,4448,0.087679856
160214F1.CXS,286,4448,0.064298561
160214F2.CXS,166,4448,0.037320144
160215B1.CXS,928,4458,0.208165096
160215B2.CXS,391,4458,0.087707492
160215F1.CXS,246,4458,0.055181696
160215F2.CXS,158,4458,0.035441902
160216B1.CXS,894,4408,0.202813067
160216B2.CXS,364,4408,0.082577132
160216F1.CXS,222,4408,0.050362976
160216F2.CXS,160,4408,0.036297641
160217B1.CXS,965,4448,0.216951439
160217B2.CXS,403,4448,0.090602518
160217F1.CXS,229,4448,0.051483813
160217F2.CXS,179,4448,0.040242806
160218B1.CXS,875,4420,0.197963801
160218B2.CXS,374,4420,0.084615385
160218F1.CXS,227,4420,0.051357466
160218F2.CXS,143,4420,0.032352941